api,run,latency_ms,status_code,success
JSONPlaceholder,1,39.576242000066486,200,True
DummyJSON,1,218.5707520000051,200,True
JSONPlaceholder,2,50.927135999927486,200,True
DummyJSON,2,227.92811500016796,200,True
JSONPlaceholder,3,46.78718800005299,200,True
DummyJSON,3,209.38724100005857,200,True
JSONPlaceholder,4,46.481605000053605,200,True
DummyJSON,4,228.7575000000288,200,True
JSONPlaceholder,5,47.92596099991897,200,True
DummyJSON,5,211.71673300000293,200,True
JSONPlaceholder,6,38.16865599992525,200,True
DummyJSON,6,249.60405699994226,200,True
JSONPlaceholder,7,45.279477999883966,200,True
DummyJSON,7,238.27847999996266,200,True
JSONPlaceholder,8,55.14528000003338,200,True
DummyJSON,8,218.14434499992785,200,True
JSONPlaceholder,9,52.629633999913494,200,True
DummyJSON,9,237.78179100008856,200,True
JSONPlaceholder,10,52.188603000104195,200,True
DummyJSON,10,234.58440100012012,200,True
JSONPlaceholder,11,37.18617900017307,200,True
DummyJSON,11,222.31636700007584,200,True
JSONPlaceholder,12,40.833630999941306,200,True
DummyJSON,12,229.4255179999709,200,True
JSONPlaceholder,13,50.659329999916736,200,True
DummyJSON,13,202.480856999955,200,True
JSONPlaceholder,14,64.43187700006092,200,True
DummyJSON,14,221.1060049999105,200,True
JSONPlaceholder,15,37.30094499996994,200,True
DummyJSON,15,232.44351499988625,200,True
JSONPlaceholder,16,40.250187000083315,200,True
DummyJSON,16,224.9613619999309,200,True
JSONPlaceholder,17,39.305365000018355,200,True
DummyJSON,17,206.8333029999394,200,True
JSONPlaceholder,18,50.950710999813964,200,True
DummyJSON,18,245.7961710001655,200,True
JSONPlaceholder,19,43.839663999960976,200,True
DummyJSON,19,249.5144879999316,200,True
JSONPlaceholder,20,40.67625199991198,200,True
DummyJSON,20,212.94369600013852,200,True
JSONPlaceholder,21,41.06528000011167,200,True
DummyJSON,21,225.4275160000816,200,True
JSONPlaceholder,22,37.89651500005675,200,True
DummyJSON,22,228.80828600000314,200,True
JSONPlaceholder,23,39.85419500008902,200,True
DummyJSON,23,213.57302799992794,200,True
JSONPlaceholder,24,45.34279199992852,200,True
DummyJSON,24,200.42474000001675,200,True
JSONPlaceholder,25,39.53436500000862,200,True
DummyJSON,25,211.86388199998873,200,True
JSONPlaceholder,26,53.42764600004557,200,True
DummyJSON,26,216.33578799992392,200,True
JSONPlaceholder,27,43.8286280000284,200,True
DummyJSON,27,237.37582600006135,200,True
JSONPlaceholder,28,46.00514899993868,200,True
DummyJSON,28,234.59457200010547,200,True
JSONPlaceholder,29,46.38771600002656,200,True
DummyJSON,29,226.44659499997033,200,True
JSONPlaceholder,30,37.5928539999677,200,True
DummyJSON,30,215.26585699984935,200,True
